{"homebrew_version":"1.1.6-45-g9cce341","used_options":[],"unused_options":["--with-opencl","--without-test"],"built_as_bottle":true,"poured_from_bottle":true,"installed_as_dependency":false,"installed_on_request":true,"changed_files":["INSTALL_RECEIPT.json"],"time":1494330938,"source_modified_time":1484051208,"HEAD":null,"stdlib":"libcxx","compiler":"clang","runtime_dependencies":[],"source":{"path":"/usr/local/Homebrew/Library/Taps/homebrew/homebrew-core/Formula/caf.rb","tap":"homebrew/core","spec":"stable","versions":{"stable":"0.15.3","devel":null,"head":"HEAD","version_scheme":0}}}