{"homebrew_version":null,"used_options":[],"unused_options":[],"built_as_bottle":true,"poured_from_bottle":true,"installed_as_dependency":true,"installed_on_request":false,"changed_files":["INSTALL_RECEIPT.json","README"],"time":1494331009,"source_modified_time":1480697018,"HEAD":null,"stdlib":null,"compiler":"clang","runtime_dependencies":null,"source":{"path":"/usr/local/Homebrew/Library/Taps/homebrew/homebrew-core/Formula/libunistring.rb","tap":"homebrew/core","spec":"stable","versions":{"stable":"0.9.7","devel":null,"head":null,"version_scheme":0}}}