{"homebrew_version":"1.1.6-39-g8712139","used_options":[],"unused_options":["--c++11"],"built_as_bottle":true,"poured_from_bottle":true,"installed_as_dependency":true,"installed_on_request":false,"changed_files":["INSTALL_RECEIPT.json"],"time":1496755074,"source_modified_time":1481903147,"HEAD":null,"stdlib":"libcxx","compiler":"clang","runtime_dependencies":[],"source":{"path":"/usr/local/Homebrew/Library/Taps/homebrew/homebrew-core/Formula/gmp.rb","tap":"homebrew/core","spec":"stable","versions":{"stable":"6.1.2","devel":null,"head":null,"version_scheme":0}}}