{"homebrew_version":"1.2.1-105-gc2cb2c786","used_options":[],"unused_options":["--without-p11-kit","--with-guile","--with-unbound"],"built_as_bottle":true,"poured_from_bottle":true,"installed_as_dependency":true,"installed_on_request":false,"changed_files":["INSTALL_RECEIPT.json","lib/pkgconfig/gnutls.pc"],"time":1496755108,"source_modified_time":1494481662,"HEAD":null,"stdlib":"libcxx","compiler":"clang","runtime_dependencies":[{"full_name":"libtasn1","version":"4.12"},{"full_name":"gmp","version":"6.1.2"},{"full_name":"nettle","version":"3.3"},{"full_name":"libunistring","version":"0.9.7"},{"full_name":"libffi","version":"3.2.1"},{"full_name":"p11-kit","version":"0.23.6"}],"source":{"path":"/usr/local/Homebrew/Library/Taps/homebrew/homebrew-core/Formula/gnutls.rb","tap":"homebrew/core","spec":"stable","versions":{"stable":"3.5.12","devel":null,"head":null,"version_scheme":0}}}