{"homebrew_version":"1.1.11-67-gb7e7b5b","used_options":[],"unused_options":[],"built_as_bottle":true,"poured_from_bottle":true,"installed_as_dependency":false,"installed_on_request":true,"changed_files":["INSTALL_RECEIPT.json","lib/pkgconfig/libsodium.pc"],"time":1494330922,"source_modified_time":1489347688,"HEAD":null,"stdlib":null,"compiler":"clang","runtime_dependencies":[],"source":{"path":"/usr/local/Homebrew/Library/Taps/homebrew/homebrew-core/Formula/libsodium.rb","tap":"homebrew/core","spec":"stable","versions":{"stable":"1.0.12","devel":null,"head":"HEAD","version_scheme":0}}}