{"homebrew_version":"1.2.0","used_options":[],"unused_options":[],"built_as_bottle":false,"poured_from_bottle":false,"installed_as_dependency":false,"installed_on_request":true,"changed_files":null,"time":1494331033,"source_modified_time":1493945782,"HEAD":"8cba0352e0be94263e2ed96c98bf93d8f2fce8ef","stdlib":"libcxx","compiler":"clang","runtime_dependencies":[{"full_name":"openssl","version":"1.0.2k"},{"full_name":"sageaxcess/aegis/aegis","version":"2.4.1"},{"full_name":"libtasn1","version":"4.10"},{"full_name":"gmp","version":"6.1.2"},{"full_name":"nettle","version":"3.3"},{"full_name":"libunistring","version":"0.9.7"},{"full_name":"gnutls","version":"3.5.11"}],"source":{"path":"/usr/local/Homebrew/Library/Taps/sageaxcess/homebrew-aegis/aegis-plugins.rb","tap":"sageaxcess/aegis","spec":"stable","versions":{"stable":"1.0.5","devel":null,"head":null,"version_scheme":0}}}