{"homebrew_version":"1.2.2","used_options":[],"unused_options":["--without-geoip"],"built_as_bottle":false,"poured_from_bottle":false,"installed_as_dependency":false,"installed_on_request":true,"changed_files":null,"time":1496755068,"source_modified_time":1495002454,"HEAD":"54e01d76db34a3a649c79b189873bfd0a52dbc9f","stdlib":null,"compiler":"clang","runtime_dependencies":[{"full_name":"openssl","version":"1.0.2l"},{"full_name":"geoip","version":"1.6.11"}],"source":{"path":"/usr/local/Homebrew/Library/Taps/sageaxcess/homebrew-aegis/aegis.rb","tap":"sageaxcess/aegis","spec":"stable","versions":{"stable":"2.4.1","devel":null,"head":null,"version_scheme":0}}}