{"homebrew_version":"1.2.0","used_options":[],"unused_options":["--without-geoip"],"built_as_bottle":false,"poured_from_bottle":false,"installed_as_dependency":false,"installed_on_request":true,"changed_files":null,"time":1494330998,"source_modified_time":1493945659,"HEAD":"8cba0352e0be94263e2ed96c98bf93d8f2fce8ef","stdlib":null,"compiler":"clang","runtime_dependencies":[{"full_name":"openssl","version":"1.0.2k"},{"full_name":"geoip","version":"1.6.10"}],"source":{"path":"/usr/local/Homebrew/Library/Taps/sageaxcess/homebrew-aegis/aegis.rb","tap":"sageaxcess/aegis","spec":"stable","versions":{"stable":"2.4.1","devel":null,"head":null,"version_scheme":0}}}