{"homebrew_version":"1.2.1-105-gc2cb2c786","used_options":[],"unused_options":[],"built_as_bottle":true,"poured_from_bottle":true,"installed_as_dependency":true,"installed_on_request":false,"changed_files":["INSTALL_RECEIPT.json","lib/pkgconfig/libtasn1.pc"],"time":1496755072,"source_modified_time":1496032934,"HEAD":null,"stdlib":null,"compiler":"clang","runtime_dependencies":[],"source":{"path":"/usr/local/Homebrew/Library/Taps/homebrew/homebrew-core/Formula/libtasn1.rb","tap":"homebrew/core","spec":"stable","versions":{"stable":"4.12","devel":null,"head":null,"version_scheme":0}}}