{"homebrew_version":"1.1.11-45-g666ab14","used_options":[],"unused_options":[],"built_as_bottle":true,"poured_from_bottle":true,"installed_as_dependency":true,"installed_on_request":false,"changed_files":["INSTALL_RECEIPT.json","README","lib/pkgconfig/libffi.pc"],"time":1494331010,"source_modified_time":1415793709,"HEAD":null,"stdlib":null,"compiler":"clang","runtime_dependencies":[],"source":{"path":"/usr/local/Homebrew/Library/Taps/homebrew/homebrew-core/Formula/libffi.rb","tap":"homebrew/core","spec":"stable","versions":{"stable":"3.2.1","devel":null,"head":"HEAD","version_scheme":0}}}