{"homebrew_version":"1.2.0-5-g7a0e5d123","used_options":[],"unused_options":["--with-ssl"],"built_as_bottle":true,"poured_from_bottle":true,"installed_as_dependency":false,"installed_on_request":true,"changed_files":["share/libmicrohttpd/examples/basicauthentication","share/libmicrohttpd/examples/hellobrowser","share/libmicrohttpd/examples/largepost","share/libmicrohttpd/examples/logging","share/libmicrohttpd/examples/responseheaders","share/libmicrohttpd/examples/sessions","share/libmicrohttpd/examples/simplepost","INSTALL_RECEIPT.json","lib/pkgconfig/libmicrohttpd.pc","share/libmicrohttpd/examples/Makefile"],"time":1494330957,"source_modified_time":1493744134,"HEAD":null,"stdlib":null,"compiler":"clang","runtime_dependencies":[],"source":{"path":"/usr/local/Homebrew/Library/Taps/homebrew/homebrew-core/Formula/libmicrohttpd.rb","tap":"homebrew/core","spec":"stable","versions":{"stable":"0.9.54","devel":null,"head":null,"version_scheme":0}}}