{"homebrew_version":"1.1.7-50-ga5019d2","used_options":[],"unused_options":["--universal"],"built_as_bottle":true,"poured_from_bottle":true,"installed_as_dependency":true,"installed_on_request":false,"changed_files":["INSTALL_RECEIPT.json","lib/pkgconfig/libtasn1.pc"],"time":1494331001,"source_modified_time":1484590490,"HEAD":null,"stdlib":null,"compiler":"clang","runtime_dependencies":[],"source":{"path":"/usr/local/Homebrew/Library/Taps/homebrew/homebrew-core/Formula/libtasn1.rb","tap":"homebrew/core","spec":"stable","versions":{"stable":"4.10","devel":null,"head":null,"version_scheme":0}}}