{"homebrew_version":"1.1.11-183-gc69e4ee","used_options":[],"unused_options":["--with-geoipupdate"],"built_as_bottle":true,"poured_from_bottle":true,"installed_as_dependency":false,"installed_on_request":true,"changed_files":["INSTALL_RECEIPT.json","lib/pkgconfig/geoip.pc","share/man/man1/geoiplookup.1","share/man/man1/geoiplookup6.1"],"time":1494330940,"source_modified_time":1490816911,"HEAD":null,"stdlib":null,"compiler":"clang","runtime_dependencies":[],"source":{"path":"/usr/local/Homebrew/Library/Taps/homebrew/homebrew-core/Formula/geoip.rb","tap":"homebrew/core","spec":"stable","versions":{"stable":"1.6.10","devel":null,"head":"HEAD","version_scheme":0}}}